country_name,country_iso3
Aruba,ABW
Africa Eastern and Southern,AFE
Afghanistan,AFG
Africa Western and Central,AFW
Angola,AGO
Albania,ALB
Andorra,AND
Arab World,ARB
United Arab Emirates,ARE
Argentina,ARG
Armenia,ARM
American Samoa,ASM
Antigua and Barbuda,ATG
Australia,AUS
Austria,AUT
Azerbaijan,AZE
Burundi,BDI
Belgium,BEL
Benin,BEN
Burkina Faso,BFA
Bangladesh,BGD
Bulgaria,BGR
Bahrain,BHR
"Bahamas, The",BHS
Bosnia and Herzegovina,BIH
Belarus,BLR
Belize,BLZ
Bermuda,BMU
Bolivia,BOL
Brazil,BRA
Barbados,BRB
Brunei Darussalam,BRN
Bhutan,BTN
Botswana,BWA
Central African Republic,CAF
Canada,CAN
Central Europe and the Baltics,CEB
Switzerland,CHE
Channel Islands,CHI
Chile,CHL
China,CHN
Cote d'Ivoire,CIV
Cameroon,CMR
"Congo, Dem. Rep.",COD
"Congo, Rep.",COG
Colombia,COL
Comoros,COM
Cabo Verde,CPV
Costa Rica,CRI
Caribbean small states,CSS
Cuba,CUB
Curacao,CUW
Cayman Islands,CYM
Cyprus,CYP
Czechia,CZE
Germany,DEU
Djibouti,DJI
Dominica,DMA
Denmark,DNK
Dominican Republic,DOM
Algeria,DZA
East Asia & Pacific (excluding high income),EAP
Early-demographic dividend,EAR
East Asia & Pacific,EAS
Europe & Central Asia (excluding high income),ECA
Europe & Central Asia,ECS
Ecuador,ECU
"Egypt, Arab Rep.",EGY
Euro area,EMU
Eritrea,ERI
Spain,ESP
Estonia,EST
Ethiopia,ETH
European Union,EUU
Fragile and conflict affected situations,FCS
Finland,FIN
Fiji,FJI
France,FRA
Faroe Islands,FRO
"Micronesia, Fed. Sts.",FSM
Gabon,GAB
United Kingdom,GBR
Georgia,GEO
Ghana,GHA
Gibraltar,GIB
Guinea,GIN
"Gambia, The",GMB
Guinea-Bissau,GNB
Equatorial Guinea,GNQ
Greece,GRC
Grenada,GRD
Greenland,GRL
Guatemala,GTM
Guam,GUM
Guyana,GUY
"Hong Kong SAR, China",HKG
Honduras,HND
Heavily indebted poor countries (HIPC),HPC
Croatia,HRV
Haiti,HTI
Hungary,HUN
IBRD only,IBD
IDA & IBRD total,IBT
IDA total,IDA
IDA blend,IDB
Indonesia,IDN
IDA only,IDX
Isle of Man,IMN
India,IND
Ireland,IRL
"Iran, Islamic Rep.",IRN
Iraq,IRQ
Iceland,ISL
Israel,ISR
Italy,ITA
Jamaica,JAM
Jordan,JOR
Japan,JPN
Kazakhstan,KAZ
Kenya,KEN
Kyrgyz Republic,KGZ
Cambodia,KHM
Kiribati,KIR
St. Kitts and Nevis,KNA
"Korea, Rep.",KOR
Kuwait,KWT
Latin America & Caribbean (excluding high income),LAC
Lao PDR,LAO
Lebanon,LBN
Liberia,LBR
Libya,LBY
St. Lucia,LCA
Latin America & Caribbean,LCN
Least developed countries: UN classification,LDC
Liechtenstein,LIE
Sri Lanka,LKA
Low & middle income,LMY
Lesotho,LSO
Late-demographic dividend,LTE
Lithuania,LTU
Luxembourg,LUX
Latvia,LVA
"Macao SAR, China",MAC
St. Martin (French part),MAF
Morocco,MAR
Monaco,MCO
Moldova,MDA
Madagascar,MDG
Maldives,MDV
"Middle East, North Africa, Afghanistan & Pakistan",MEA
Mexico,MEX
Marshall Islands,MHL
Middle income,MIC
North Macedonia,MKD
Mali,MLI
Malta,MLT
Myanmar,MMR
"Middle East, North Africa, Afghanistan & Pakistan (excluding high income)",MNA
Montenegro,MNE
Mongolia,MNG
Northern Mariana Islands,MNP
Mozambique,MOZ
Mauritania,MRT
Mauritius,MUS
Malawi,MWI
Malaysia,MYS
North America,NAC
Namibia,NAM
New Caledonia,NCL
Niger,NER
Nigeria,NGA
Nicaragua,NIC
Netherlands,NLD
Norway,NOR
Nepal,NPL
Nauru,NRU
New Zealand,NZL
OECD members,OED
Oman,OMN
Other small states,OSS
Pakistan,PAK
Panama,PAN
Peru,PER
Philippines,PHL
Palau,PLW
Papua New Guinea,PNG
Poland,POL
Pre-demographic dividend,PRE
Puerto Rico (US),PRI
"Korea, Dem. People's Rep.",PRK
Portugal,PRT
Paraguay,PRY
West Bank and Gaza,PSE
Pacific island small states,PSS
Post-demographic dividend,PST
French Polynesia,PYF
Qatar,QAT
Romania,ROU
Russian Federation,RUS
Rwanda,RWA
South Asia,SAS
Saudi Arabia,SAU
Sudan,SDN
Senegal,SEN
Singapore,SGP
Solomon Islands,SLB
Sierra Leone,SLE
El Salvador,SLV
San Marino,SMR
"Somalia, Fed. Rep.",SOM
Serbia,SRB
Sub-Saharan Africa (excluding high income),SSA
South Sudan,SSD
Sub-Saharan Africa,SSF
Small states,SST
Sao Tome and Principe,STP
Suriname,SUR
Slovak Republic,SVK
Slovenia,SVN
Sweden,SWE
Eswatini,SWZ
Sint Maarten (Dutch part),SXM
Seychelles,SYC
Syrian Arab Republic,SYR
Turks and Caicos Islands,TCA
Chad,TCD
East Asia & Pacific (IDA & IBRD countries),TEA
Europe & Central Asia (IDA & IBRD countries),TEC
Togo,TGO
Thailand,THA
Tajikistan,TJK
Turkmenistan,TKM
Latin America & the Caribbean (IDA & IBRD countries),TLA
Timor-Leste,TLS
"Middle East, North Africa, Afghanistan & Pakistan (IDA & IBRD)",TMN
Tonga,TON
South Asia (IDA & IBRD),TSA
Sub-Saharan Africa (IDA & IBRD countries),TSS
Trinidad and Tobago,TTO
Tunisia,TUN
Turkiye,TUR
Tuvalu,TUV
Tanzania,TZA
Uganda,UGA
Ukraine,UKR
Uruguay,URY
United States,USA
Uzbekistan,UZB
St. Vincent and the Grenadines,VCT
"Venezuela, RB",VEN
British Virgin Islands,VGB
Virgin Islands (U.S.),VIR
Viet Nam,VNM
Vanuatu,VUT
World,WLD
Samoa,WSM
Kosovo,XKX
"Yemen, Rep.",YEM
South Africa,ZAF
Zambia,ZMB
Zimbabwe,ZWE
